{
"freq": 7.70844e+08,
"start_time": 1522600041,
"stop_time": 1522600051,
"emergency": 0,
"talkgroup": 2105,
"srcList": [ {"src": 3122255, "time": 1522600041, "pos": 0.000000}, {"src": 3113002, "time": 1522600045, "pos": 2.484000} ],
"freqList": [ { "freq": 770843750.000000, "time": 1522600041, "pos": 0.000000, "len": 36224.000000, "error_count": 17.000000, "spike_count": 12.000000} ]
}
